,count,mean,std,min,25%,50%,75%,max
MedInc,20640.0,3.8706710029069766,1.8998217179452688,0.4999,2.5633999999999997,3.5347999999999997,4.74325,15.0001
HouseAge,20640.0,28.639486434108527,12.58555761211165,1.0,18.0,29.0,37.0,52.0
AveRooms,20640.0,5.428999742190376,2.4741731394243187,0.8461538461538461,4.440716235896959,5.229128787878788,6.052380952380952,141.9090909090909
AveBedrms,20640.0,1.096675149606208,0.473910856795466,0.3333333333333333,1.006079046038478,1.048780487804878,1.099526066350711,34.06666666666667
Population,20640.0,1425.4767441860465,1132.462121765341,3.0,787.0,1166.0,1725.0,35682.0
AveOccup,20640.0,3.0706551594363742,10.386049562213618,0.6923076923076923,2.4297411475535755,2.818115654360196,3.2822609242736216,1243.3333333333333
Latitude,20640.0,35.63186143410853,2.1359523974571153,32.54,33.93,34.26,37.71,41.95
Longitude,20640.0,-119.56970445736432,2.0035317235025882,-124.35,-121.8,-118.49,-118.01,-114.31
